LScanVer, 2101
Time, 6:21
ImageRes, 1024x800
FieldSize (um), 1060.701x824.142
Elements, 3
Points, 744
HV, 20
Mag, 93
Dwell, 0.2
Detector, Simulation
DetectorType, DET_OCTANE_ELECT_PLUS
Data Type, ZafWt
Amp Time, 0.96
NumOfFrames, 1
Rebuild Line Parent, MegaDend20kV_LS/LineScan 1
Point, Distance (um), O K, Al K, Ag L, Image, Frame
1, 0.0, 1.123, 73.283, 25.594, 5905, 1, , 
2, 1.0, 2.143, 72.798, 25.059, 13751, 1, , 
3, 2.0, 2.487, 72.952, 24.561, 3060, 1, , 
4, 3.0, 2.652, 72.626, 24.721, 5911, 1, , 
5, 4.0, 2.217, 73.762, 24.021, 4317, 1, , 
6, 5.0, 2.702, 70.462, 26.836, 12373, 1, , 
7, 6.0, 1.389, 72.212, 26.399, 10906, 1, , 
8, 7.0, 2.082, 72.083, 25.835, 2763, 1, , 
9, 8.0, 1.918, 72.609, 25.473, 4323, 1, , 
10, 9.0, 0.884, 73.715, 25.401, 13902, 1, , 
11, 10.0, 1.663, 70.694, 27.642, 9154, 1, , 
12, 11.0, 1.487, 71.218, 27.295, 12938, 1, , 
13, 12.0, 2.093, 71.469, 26.439, 13096, 1, , 
14, 13.0, 1.343, 69.856, 28.801, 7989, 1, , 
15, 14.0, 2.027, 67.756, 30.216, 11157, 1, , 
16, 15.0, 2.200, 68.375, 29.426, 9199, 1, , 
17, 16.0, 1.976, 68.216, 29.808, 8982, 1, , 
18, 17.0, 2.601, 66.182, 31.218, 14165, 1, , 
19, 18.0, 1.799, 67.729, 30.472, 16092, 1, , 
20, 19.0, 1.477, 66.097, 32.426, 12432, 1, , 
21, 20.0, 1.287, 66.584, 32.129, 21049, 1, , 
22, 21.0, 2.489, 64.715, 32.796, 19610, 1, , 
23, 22.0, 2.095, 65.487, 32.418, 13557, 1, , 
24, 23.0, 2.534, 65.081, 32.385, 7457, 1, , 
25, 24.0, 2.751, 65.012, 32.237, 17432, 1, , 
26, 25.0, 2.047, 63.931, 34.022, 14583, 1, , 
27, 26.0, 2.557, 64.476, 32.967, 12841, 1, , 
28, 27.0, 1.743, 63.417, 34.839, 20772, 1, , 
29, 28.0, 1.821, 62.547, 35.632, 22102, 1, , 
30, 29.0, 1.617, 64.475, 33.908, 11821, 1, , 
31, 30.0, 2.208, 63.195, 34.597, 16471, 1, , 
32, 31.0, 1.052, 65.092, 33.857, 15486, 1, , 
33, 32.0, 2.287, 62.853, 34.861, 17899, 1, , 
34, 33.0, 1.990, 64.014, 33.996, 14193, 1, , 
35, 34.0, 2.397, 64.773, 32.830, 8860, 1, , 
36, 35.0, 1.594, 65.722, 32.684, 19523, 1, , 
37, 36.0, 2.548, 64.326, 33.126, 24657, 1, , 
38, 37.0, 2.651, 65.751, 31.598, 12220, 1, , 
39, 38.0, 2.172, 64.731, 33.096, 21056, 1, , 
40, 39.0, 3.165, 64.704, 32.131, 11530, 1, , 
41, 40.0, 2.470, 64.634, 32.896, 12683, 1, , 
42, 41.0, 1.836, 67.690, 30.474, 5209, 1, , 
43, 42.0, 2.642, 68.009, 29.349, 12696, 1, , 
44, 43.0, 1.170, 68.007, 30.823, 15678, 1, , 
45, 44.0, 1.412, 68.859, 29.729, 16200, 1, , 
46, 45.0, 1.624, 68.928, 29.447, 5689, 1, , 
47, 46.0, 1.889, 66.601, 31.510, 5572, 1, , 
48, 47.0, 2.931, 70.034, 27.035, 11806, 1, , 
49, 48.0, 2.040, 70.425, 27.536, 11168, 1, , 
50, 49.0, 2.062, 69.707, 28.231, 2173, 1, , 
51, 50.0, 1.816, 72.188, 25.996, 15424, 1, , 
52, 51.0, 2.651, 70.997, 26.352, 9038, 1, , 
53, 52.0, 1.256, 71.658, 27.086, 13507, 1, , 
54, 53.0, 1.505, 72.401, 26.094, 5353, 1, , 
55, 54.0, 1.316, 74.480, 24.203, 12528, 1, , 
56, 55.0, 1.985, 72.800, 25.215, 4525, 1, , 
57, 56.0, 2.396, 72.932, 24.673, 7896, 1, , 
58, 57.0, 3.131, 73.732, 23.137, 5167, 1, , 
59, 58.0, 1.926, 73.510, 24.564, 8010, 1, , 
60, 59.0, 1.689, 74.744, 23.567, 8273, 1, , 
61, 60.0, 1.253, 75.515, 23.232, 3157, 1, , 
62, 61.0, 1.904, 74.831, 23.265, 8759, 1, , 
63, 62.0, 2.765, 73.809, 23.426, 13152, 1, , 
64, 63.0, 2.134, 75.104, 22.762, 11424, 1, , 
65, 64.0, 2.396, 75.522, 22.081, 3828, 1, , 
66, 65.0, 1.893, 76.886, 21.221, 2688, 1, , 
67, 66.0, 2.261, 75.827, 21.912, 8898, 1, , 
68, 67.0, 2.499, 75.096, 22.406, 11630, 1, , 
69, 68.0, 1.090, 77.119, 21.791, 5475, 1, , 
70, 69.0, 2.181, 76.139, 21.680, 7763, 1, , 
71, 70.0, 0.921, 77.216, 21.863, 10629, 1, , 
72, 71.0, 2.269, 75.485, 22.247, 6855, 1, , 
73, 72.0, 1.645, 77.847, 20.509, 7629, 1, , 
74, 73.0, 2.020, 76.169, 21.811, 2781, 1, , 
75, 74.0, 2.590, 75.366, 22.044, 10270, 1, , 
76, 75.0, 1.649, 78.102, 20.249, 4675, 1, , 
77, 76.0, 1.618, 76.057, 22.325, 14973, 1, , 
78, 77.0, 2.083, 77.290, 20.628, 8453, 1, , 
79, 78.0, 1.722, 76.418, 21.860, 8186, 1, , 
80, 79.0, 2.179, 75.219, 22.603, 8570, 1, , 
81, 80.0, 2.234, 77.507, 20.259, 15536, 1, , 
82, 81.0, 1.337, 77.592, 21.071, 12699, 1, , 
83, 82.0, 0.920, 77.124, 21.956, 10996, 1, , 
84, 83.0, 1.981, 77.184, 20.835, 1283, 1, , 
85, 84.0, 1.423, 76.658, 21.919, 3972, 1, , 
86, 85.0, 1.388, 77.432, 21.180, 3649, 1, , 
87, 86.0, 1.456, 76.838, 21.706, 6736, 1, , 
88, 87.0, 1.976, 77.145, 20.878, 5354, 1, , 
89, 88.0, 1.747, 77.160, 21.093, 11367, 1, , 
90, 89.0, 1.596, 76.408, 21.996, 6532, 1, , 
91, 90.0, 1.346, 75.868, 22.786, 17574, 1, , 
92, 91.0, 1.825, 76.168, 22.007, 17042, 1, , 
93, 92.0, 1.768, 76.290, 21.942, 7602, 1, , 
94, 93.0, 0.996, 76.043, 22.961, 6015, 1, , 
95, 94.0, 1.707, 74.859, 23.434, 6059, 1, , 
96, 95.0, 1.562, 76.200, 22.238, 13046, 1, , 
97, 96.0, 1.919, 74.568, 23.513, 16177, 1, , 
98, 97.0, 1.490, 75.363, 23.147, 12147, 1, , 
99, 98.0, 2.964, 72.696, 24.340, 6166, 1, , 
100, 99.0, 2.172, 74.725, 23.103, 14392, 1, , 
101, 100.0, 2.265, 75.568, 22.167, 15295, 1, , 
102, 101.0, 1.779, 73.981, 24.240, 7906, 1, , 
103, 102.0, 1.966, 72.542, 25.492, 13680, 1, , 
104, 103.0, 1.363, 74.940, 23.697, 17301, 1, , 
105, 104.0, 1.885, 73.027, 25.088, 17205, 1, , 
106, 105.0, 2.903, 72.357, 24.740, 5930, 1, , 
107, 106.0, 2.295, 72.451, 25.254, 5601, 1, , 
108, 107.0, 1.377, 73.351, 25.273, 10264, 1, , 
109, 108.0, 1.011, 73.235, 25.754, 14123, 1, , 
110, 109.0, 0.997, 72.422, 26.582, 10646, 1, , 
111, 110.0, 1.162, 73.406, 25.432, 17125, 1, , 
112, 111.0, 2.000, 70.137, 27.864, 10252, 1, , 
113, 112.0, 2.224, 70.974, 26.801, 8431, 1, , 
114, 113.0, 2.205, 70.558, 27.237, 5491, 1, , 
115, 114.0, 1.907, 70.992, 27.101, 17423, 1, , 
116, 115.0, 2.205, 70.046, 27.750, 10688, 1, , 
117, 116.0, 2.498, 69.762, 27.740, 9540, 1, , 
118, 117.0, 2.118, 68.861, 29.021, 13895, 1, , 
119, 118.0, 1.749, 69.860, 28.391, 11183, 1, , 
120, 119.0, 2.399, 70.253, 27.348, 10945, 1, , 
121, 120.0, 2.392, 69.008, 28.600, 1523, 1, , 
122, 121.0, 1.856, 71.026, 27.118, 10113, 1, , 
123, 122.0, 1.660, 68.765, 29.575, 16918, 1, , 
124, 123.0, 0.874, 70.726, 28.400, 13431, 1, , 
125, 124.0, 1.919, 69.856, 28.225, 10336, 1, , 
126, 125.0, 1.882, 68.354, 29.764, 16150, 1, , 
127, 126.0, 2.985, 67.911, 29.103, 9800, 1, , 
128, 127.0, 2.249, 67.806, 29.944, 13725, 1, , 
129, 128.0, 2.456, 69.024, 28.520, 4968, 1, , 
130, 129.0, 2.465, 69.106, 28.429, 7425, 1, , 
131, 130.0, 1.779, 70.354, 27.867, 12195, 1, , 
132, 131.0, 1.496, 69.191, 29.313, 7603, 1, , 
133, 132.0, 1.507, 69.535, 28.958, 26247, 1, , 
134, 133.0, 2.999, 70.029, 26.973, 16188, 1, , 
135, 134.0, 2.372, 69.845, 27.783, 10510, 1, , 
136, 135.0, 2.168, 69.759, 28.073, 7875, 1, , 
137, 136.0, 2.641, 69.438, 27.921, 2669, 1, , 
138, 137.0, 1.477, 71.382, 27.140, 16154, 1, , 
139, 138.0, 1.634, 71.637, 26.729, 18766, 1, , 
140, 139.0, 1.884, 69.490, 28.626, 7456, 1, , 
141, 140.0, 2.214, 73.502, 24.284, 18069, 1, , 
142, 141.0, 1.906, 71.771, 26.323, 18449, 1, , 
143, 142.0, 2.750, 72.048, 25.201, 11178, 1, , 
144, 143.0, 2.612, 71.872, 25.516, 14368, 1, , 
145, 144.0, 2.161, 71.907, 25.933, 10017, 1, , 
146, 145.0, 0.740, 72.852, 26.407, 7030, 1, , 
147, 146.0, 1.849, 71.223, 26.928, 10793, 1, , 
148, 147.0, 0.639, 73.058, 26.303, 8061, 1, , 
149, 148.0, 1.609, 72.718, 25.674, 9850, 1, , 
150, 149.0, 1.379, 74.520, 24.101, 17698, 1, , 
151, 150.0, 1.699, 73.372, 24.929, 11062, 1, , 
152, 151.0, 3.476, 70.426, 26.097, 35700, 1, , 
153, 152.0, 2.617, 71.127, 26.256, 26611, 1, , 
154, 153.0, 3.452, 67.353, 29.195, 13762, 1, , 
155, 154.0, 3.948, 72.536, 23.515, 4068, 1, , 
156, 155.0, 3.366, 71.135, 25.499, 776, 1, , 
157, 156.0, 2.923, 74.768, 22.309, 4966, 1, , 
158, 157.0, 3.616, 72.073, 24.311, 13545, 1, , 
159, 158.0, 1.703, 75.498, 22.799, 923, 1, , 
160, 159.0, 3.948, 69.844, 26.208, 21670, 1, , 
161, 160.0, 1.921, 75.894, 22.186, 13253, 1, , 
162, 161.0, 2.577, 75.037, 22.386, 10186, 1, , 
163, 162.0, 1.570, 74.014, 24.416, 15036, 1, , 
164, 163.0, 1.525, 73.796, 24.679, 5686, 1, , 
165, 164.0, 1.221, 73.685, 25.094, 10112, 1, , 
166, 165.0, 2.013, 73.903, 24.083, 10731, 1, , 
167, 166.0, 1.835, 74.679, 23.486, 3005, 1, , 
168, 167.0, 1.921, 74.583, 23.496, 1536, 1, , 
169, 168.0, 1.689, 74.562, 23.749, 12417, 1, , 
170, 169.0, 1.763, 75.983, 22.254, 12970, 1, , 
171, 170.0, 1.267, 73.767, 24.967, 9327, 1, , 
172, 171.0, 1.284, 75.597, 23.119, 3848, 1, , 
173, 172.0, 1.947, 75.131, 22.922, 4670, 1, , 
174, 173.0, 2.134, 75.070, 22.796, 373, 1, , 
175, 174.0, 1.993, 76.981, 21.026, 11522, 1, , 
176, 175.0, 1.919, 75.393, 22.688, 19787, 1, , 
177, 176.0, 2.172, 75.127, 22.701, 4114, 1, , 
178, 177.0, 2.429, 74.639, 22.932, 7081, 1, , 
179, 178.0, 1.830, 75.046, 23.124, 12555, 1, , 
180, 179.0, 2.009, 75.181, 22.810, 10706, 1, , 
181, 180.0, 1.400, 76.311, 22.289, 2517, 1, , 
182, 181.0, 1.672, 75.686, 22.643, 11529, 1, , 
183, 182.0, 0.893, 75.784, 23.323, 9542, 1, , 
184, 183.0, 1.900, 75.682, 22.418, 8239, 1, , 
185, 184.0, 1.263, 76.772, 21.965, 13239, 1, , 
186, 185.0, 0.954, 75.473, 23.573, 6878, 1, , 
187, 186.0, 1.415, 76.027, 22.558, 8642, 1, , 
188, 187.0, 1.166, 78.078, 20.756, 13241, 1, , 
189, 188.0, 1.615, 77.251, 21.134, 3850, 1, , 
190, 189.0, 1.972, 75.638, 22.389, 10464, 1, , 
191, 190.0, 1.575, 76.743, 21.681, 3542, 1, , 
192, 191.0, 2.663, 76.919, 20.418, 5584, 1, , 
193, 192.0, 2.110, 75.522, 22.368, 15716, 1, , 
194, 193.0, 1.777, 76.828, 21.395, 7469, 1, , 
195, 194.0, 1.628, 77.058, 21.313, 11956, 1, , 
196, 195.0, 2.167, 76.888, 20.945, 1070, 1, , 
197, 196.0, 2.890, 77.362, 19.749, 1873, 1, , 
198, 197.0, 1.334, 77.393, 21.273, 5766, 1, , 
199, 198.0, 2.106, 78.346, 19.549, 2095, 1, , 
200, 199.0, 1.872, 78.333, 19.795, 5503, 1, , 
201, 200.0, 1.583, 76.835, 21.583, 5054, 1, , 
202, 201.0, 2.576, 78.870, 18.554, 2207, 1, , 
203, 202.0, 1.596, 79.231, 19.173, 6107, 1, , 
204, 203.0, 1.781, 78.386, 19.833, 8431, 1, , 
205, 204.0, 1.446, 78.116, 20.438, 14917, 1, , 
206, 205.0, 1.713, 78.796, 19.491, 7285, 1, , 
207, 206.0, 1.500, 78.407, 20.093, 10709, 1, , 
208, 207.0, 1.753, 77.081, 21.167, 9167, 1, , 
209, 208.0, 0.776, 79.077, 20.147, 3587, 1, , 
210, 209.0, 1.984, 79.133, 18.882, 7647, 1, , 
211, 210.0, 1.263, 78.371, 20.366, 2558, 1, , 
212, 211.0, 1.843, 79.073, 19.085, 5243, 1, , 
213, 212.0, 2.491, 77.386, 20.123, 7788, 1, , 
214, 213.0, 1.114, 78.058, 20.828, 7321, 1, , 
215, 214.0, 1.511, 78.628, 19.861, 6651, 1, , 
216, 215.0, 1.769, 78.375, 19.856, 5127, 1, , 
217, 216.0, 1.375, 78.033, 20.592, 4947, 1, , 
218, 217.0, 1.837, 79.426, 18.737, 8212, 1, , 
219, 218.0, 1.727, 77.791, 20.482, 14086, 1, , 
220, 219.0, 1.728, 78.180, 20.091, 9927, 1, , 
221, 220.0, 1.225, 77.662, 21.113, 3724, 1, , 
222, 221.0, 1.536, 77.542, 20.922, 2503, 1, , 
223, 222.0, 1.931, 78.016, 20.054, 9759, 1, , 
224, 223.0, 2.102, 77.303, 20.595, 10873, 1, , 
225, 224.0, 1.569, 77.617, 20.814, 6444, 1, , 
226, 225.0, 1.200, 78.493, 20.307, 7993, 1, , 
227, 226.0, 0.985, 77.931, 21.084, 10796, 1, , 
228, 227.0, 2.008, 77.857, 20.135, 5264, 1, , 
229, 228.0, 1.945, 77.135, 20.920, 7820, 1, , 
230, 229.0, 1.592, 77.725, 20.683, 9260, 1, , 
231, 230.0, 2.772, 77.572, 19.656, 12553, 1, , 
232, 231.0, 1.529, 77.218, 21.253, 17214, 1, , 
233, 232.0, 1.678, 78.739, 19.583, 13510, 1, , 
234, 233.0, 1.498, 77.709, 20.793, 8299, 1, , 
235, 234.0, 2.209, 74.738, 23.053, 11336, 1, , 
236, 235.0, 1.498, 77.898, 20.604, 4998, 1, , 
237, 236.0, 1.360, 77.322, 21.319, 10268, 1, , 
238, 237.0, 1.557, 75.588, 22.855, 11847, 1, , 
239, 238.0, 1.721, 76.103, 22.175, 4894, 1, , 
240, 239.0, 1.466, 75.544, 22.990, 8729, 1, , 
241, 240.0, 2.332, 76.740, 20.928, 5982, 1, , 
242, 241.0, 2.229, 76.244, 21.527, 6043, 1, , 
243, 242.0, 2.103, 75.698, 22.199, 14542, 1, , 
244, 243.0, 3.024, 75.643, 21.333, 14407, 1, , 
245, 244.0, 1.928, 75.542, 22.529, 10408, 1, , 
246, 245.0, 1.882, 76.398, 21.720, 10617, 1, , 
247, 246.0, 2.453, 75.146, 22.401, 12097, 1, , 
248, 247.0, 1.663, 75.359, 22.978, 12638, 1, , 
249, 248.0, 1.113, 76.005, 22.882, 9422, 1, , 
250, 249.0, 1.993, 75.369, 22.638, 12385, 1, , 
251, 250.0, 1.538, 77.069, 21.393, 13308, 1, , 
252, 251.0, 2.021, 76.710, 21.269, 13195, 1, , 
253, 252.0, 1.296, 76.031, 22.674, 16600, 1, , 
254, 253.0, 2.048, 75.384, 22.568, 6157, 1, , 
255, 254.0, 1.952, 76.366, 21.683, 16938, 1, , 
256, 255.0, 2.147, 75.479, 22.374, 5197, 1, , 
257, 256.0, 1.392, 76.533, 22.075, 13551, 1, , 
258, 257.0, 1.598, 75.478, 22.924, 17977, 1, , 
259, 258.0, 2.595, 76.568, 20.838, 15293, 1, , 
260, 259.0, 1.124, 77.014, 21.862, 6896, 1, , 
261, 260.0, 1.674, 76.499, 21.827, 2730, 1, , 
262, 261.0, 1.524, 76.986, 21.490, 11398, 1, , 
263, 262.0, 1.401, 76.936, 21.663, 10896, 1, , 
264, 263.0, 1.329, 77.292, 21.379, 6658, 1, , 
265, 264.0, 1.738, 76.028, 22.234, 10828, 1, , 
266, 265.0, 1.447, 76.436, 22.117, 6239, 1, , 
267, 266.0, 1.483, 78.354, 20.162, 14579, 1, , 
268, 267.0, 1.839, 76.173, 21.988, 7568, 1, , 
269, 268.0, 1.759, 77.304, 20.937, 13377, 1, , 
270, 269.0, 2.048, 76.348, 21.604, 10979, 1, , 
271, 270.0, 0.460, 77.667, 21.874, 2061, 1, , 
272, 271.0, 2.048, 77.941, 20.011, 10163, 1, , 
273, 272.0, 1.559, 78.830, 19.611, 10493, 1, , 
274, 273.0, 2.472, 77.045, 20.483, 12761, 1, , 
275, 274.0, 2.384, 78.034, 19.582, 4628, 1, , 
276, 275.0, 1.898, 78.600, 19.501, 5855, 1, , 
277, 276.0, 2.132, 76.727, 21.141, 12940, 1, , 
278, 277.0, 1.439, 77.706, 20.856, 14335, 1, , 
279, 278.0, 1.705, 77.004, 21.291, 6633, 1, , 
280, 279.0, 2.496, 76.659, 20.845, 6697, 1, , 
281, 280.0, 2.076, 76.848, 21.076, 1102, 1, , 
282, 281.0, 1.668, 78.308, 20.023, 7406, 1, , 
283, 282.0, 2.557, 77.600, 19.843, 14311, 1, , 
284, 283.0, 1.695, 76.704, 21.601, 5523, 1, , 
285, 284.0, 1.310, 77.058, 21.633, 3911, 1, , 
286, 285.0, 2.215, 77.108, 20.677, 11016, 1, , 
287, 286.0, 1.744, 77.021, 21.235, 14160, 1, , 
288, 287.0, 1.496, 76.461, 22.043, 10039, 1, , 
289, 288.0, 1.598, 76.921, 21.481, 12234, 1, , 
290, 289.0, 1.505, 76.483, 22.012, 10378, 1, , 
291, 290.0, 1.874, 77.240, 20.887, 5715, 1, , 
292, 291.0, 2.372, 77.740, 19.888, 10561, 1, , 
293, 292.0, 1.948, 75.374, 22.678, 14568, 1, , 
294, 293.0, 1.401, 73.783, 24.816, 9294, 1, , 
295, 294.0, 1.934, 75.422, 22.643, 7758, 1, , 
296, 295.0, 2.360, 75.395, 22.245, 12181, 1, , 
297, 296.0, 1.432, 75.264, 23.303, 12810, 1, , 
298, 297.0, 1.850, 75.164, 22.986, 3304, 1, , 
299, 298.0, 2.468, 72.813, 24.719, 11994, 1, , 
300, 299.0, 1.923, 73.477, 24.599, 5602, 1, , 
301, 300.0, 1.611, 75.020, 23.369, 7230, 1, , 
302, 301.0, 1.422, 74.130, 24.448, 22916, 1, , 
303, 302.0, 1.719, 74.698, 23.583, 9749, 1, , 
304, 303.0, 2.019, 72.180, 25.801, 10872, 1, , 
305, 304.0, 1.545, 73.438, 25.017, 6450, 1, , 
306, 305.0, 2.286, 71.909, 25.806, 16904, 1, , 
307, 306.0, 2.751, 70.895, 26.354, 8003, 1, , 
308, 307.0, 2.301, 71.744, 25.955, 11402, 1, , 
309, 308.0, 3.234, 68.860, 27.905, 18869, 1, , 
310, 309.0, 1.442, 70.797, 27.761, 17543, 1, , 
311, 310.0, 1.709, 70.861, 27.430, 13655, 1, , 
312, 311.0, 2.281, 68.625, 29.094, 6623, 1, , 
313, 312.0, 1.273, 70.166, 28.561, 13166, 1, , 
314, 313.0, 1.740, 68.153, 30.107, 11905, 1, , 
315, 314.0, 1.992, 68.897, 29.111, 15264, 1, , 
316, 315.0, 1.698, 67.122, 31.181, 11335, 1, , 
317, 316.0, 1.755, 67.789, 30.455, 27509, 1, , 
318, 317.0, 2.988, 67.777, 29.235, 19215, 1, , 
319, 318.0, 1.924, 68.434, 29.642, 15490, 1, , 
320, 319.0, 2.455, 67.477, 30.069, 3562, 1, , 
321, 320.0, 1.605, 67.598, 30.798, 15523, 1, , 
322, 321.0, 2.027, 67.750, 30.223, 10179, 1, , 
323, 322.0, 2.212, 67.283, 30.504, 18057, 1, , 
324, 323.0, 1.780, 65.774, 32.446, 5641, 1, , 
325, 324.0, 1.385, 66.599, 32.016, 5618, 1, , 
326, 325.0, 2.007, 67.030, 30.963, 12127, 1, , 
327, 326.0, 2.950, 66.523, 30.527, 16610, 1, , 
328, 327.0, 1.160, 68.017, 30.823, 11800, 1, , 
329, 328.0, 1.632, 67.491, 30.877, 16612, 1, , 
330, 329.0, 1.283, 67.973, 30.743, 17162, 1, , 
331, 330.0, 2.542, 67.842, 29.616, 12598, 1, , 
332, 331.0, 1.777, 68.728, 29.495, 18903, 1, , 
333, 332.0, 1.247, 68.645, 30.108, 25296, 1, , 
334, 333.0, 1.561, 69.261, 29.178, 12837, 1, , 
335, 334.0, 1.757, 68.366, 29.878, 15592, 1, , 
336, 335.0, 1.856, 68.162, 29.982, 11457, 1, , 
337, 336.0, 2.279, 68.486, 29.235, 13578, 1, , 
338, 337.0, 1.710, 68.711, 29.580, 15833, 1, , 
339, 338.0, 1.196, 70.017, 28.787, 15360, 1, , 
340, 339.0, 1.984, 69.509, 28.508, 18328, 1, , 
341, 340.0, 1.947, 69.059, 28.994, 23099, 1, , 
342, 341.0, 1.470, 71.001, 27.529, 9616, 1, , 
343, 342.0, 2.536, 70.453, 27.012, 18024, 1, , 
344, 343.0, 1.864, 70.907, 27.228, 20924, 1, , 
345, 344.0, 1.563, 71.491, 26.946, 14710, 1, , 
346, 345.0, 1.394, 71.891, 26.716, 15175, 1, , 
347, 346.0, 1.575, 71.744, 26.681, 19230, 1, , 
348, 347.0, 2.297, 71.939, 25.764, 14033, 1, , 
349, 348.0, 1.795, 72.267, 25.938, 9538, 1, , 
350, 349.0, 1.075, 72.723, 26.202, 7789, 1, , 
351, 350.0, 2.357, 72.296, 25.347, 21702, 1, , 
352, 351.0, 1.764, 72.322, 25.914, 12130, 1, , 
353, 352.0, 1.464, 72.559, 25.977, 6495, 1, , 
354, 353.0, 2.744, 71.947, 25.309, 12607, 1, , 
355, 354.0, 2.625, 72.656, 24.719, 11533, 1, , 
356, 355.0, 2.549, 73.708, 23.743, 5140, 1, , 
357, 356.0, 1.256, 74.122, 24.623, 7292, 1, , 
358, 357.0, 2.404, 74.540, 23.056, 17874, 1, , 
359, 358.0, 1.565, 73.592, 24.843, 7329, 1, , 
360, 359.0, 1.738, 72.648, 25.614, 4994, 1, , 
361, 360.0, 2.991, 72.247, 24.762, 12686, 1, , 
362, 361.0, 2.605, 74.042, 23.353, 8202, 1, , 
363, 362.0, 0.987, 75.078, 23.934, 13076, 1, , 
364, 363.0, 1.570, 75.021, 23.409, 7844, 1, , 
365, 364.0, 1.546, 73.944, 24.510, 6321, 1, , 
366, 365.0, 2.737, 74.282, 22.981, 13369, 1, , 
367, 366.0, 1.391, 75.917, 22.693, 7387, 1, , 
368, 367.0, 1.476, 74.935, 23.589, 7494, 1, , 
369, 368.0, 1.145, 75.821, 23.034, 16107, 1, , 
370, 369.0, 1.502, 75.124, 23.374, 9217, 1, , 
371, 370.0, 1.439, 75.888, 22.673, 12816, 1, , 
372, 371.0, 1.067, 75.300, 23.633, 8150, 1, , 
373, 372.0, 1.164, 75.460, 23.375, 11429, 1, , 
374, 373.0, 1.760, 76.243, 21.997, 13315, 1, , 
375, 374.0, 1.139, 75.088, 23.773, 20004, 1, , 
376, 375.0, 2.461, 74.574, 22.965, 17614, 1, , 
377, 376.0, 1.831, 75.533, 22.636, 15557, 1, , 
378, 377.0, 1.918, 75.740, 22.342, 5160, 1, , 
379, 378.0, 1.917, 75.120, 22.964, 9801, 1, , 
380, 379.0, 2.109, 75.261, 22.630, 9171, 1, , 
381, 380.0, 1.498, 74.820, 23.682, 7122, 1, , 
382, 381.0, 1.923, 75.178, 22.899, 8273, 1, , 
383, 382.0, 2.349, 75.753, 21.898, 6023, 1, , 
384, 383.0, 0.962, 76.412, 22.626, 9514, 1, , 
385, 384.0, 2.149, 76.458, 21.393, 12644, 1, , 
386, 385.0, 2.339, 76.111, 21.550, 7427, 1, , 
387, 386.0, 1.672, 76.387, 21.941, 10677, 1, , 
388, 387.0, 1.973, 75.962, 22.065, 3351, 1, , 
389, 388.0, 1.091, 78.153, 20.756, 16759, 1, , 
390, 389.0, 1.546, 77.548, 20.906, 4459, 1, , 
391, 390.0, 1.456, 78.316, 20.227, 9517, 1, , 
392, 391.0, 1.975, 76.845, 21.180, 11154, 1, , 
393, 392.0, 1.974, 77.233, 20.793, 4566, 1, , 
394, 393.0, 1.479, 77.266, 21.254, 10826, 1, , 
395, 394.0, 1.892, 76.967, 21.141, 10983, 1, , 
396, 395.0, 2.742, 75.840, 21.419, 4884, 1, , 
397, 396.0, 1.275, 78.369, 20.356, 5242, 1, , 
398, 397.0, 2.270, 76.967, 20.763, 5905, 1, , 
399, 398.0, 1.694, 76.472, 21.834, 7503, 1, , 
400, 399.0, 1.045, 76.896, 22.059, 9201, 1, , 
401, 400.0, 1.393, 76.705, 21.902, 17480, 1, , 
402, 401.0, 1.291, 77.939, 20.769, 11637, 1, , 
403, 402.0, 1.720, 77.909, 20.372, 13704, 1, , 
404, 403.0, 2.253, 77.222, 20.525, 11265, 1, , 
405, 404.0, 0.907, 77.515, 21.577, 6714, 1, , 
406, 405.0, 1.201, 79.750, 19.049, 6201, 1, , 
407, 406.0, 1.947, 77.481, 20.573, 4156, 1, , 
408, 407.0, 1.736, 78.552, 19.712, 13858, 1, , 
409, 408.0, 2.030, 77.593, 20.377, 7207, 1, , 
410, 409.0, 1.717, 78.063, 20.220, 13068, 1, , 
411, 410.0, 1.505, 77.426, 21.069, 10704, 1, , 
412, 411.0, 2.458, 78.573, 18.969, 7461, 1, , 
413, 412.0, 1.959, 77.694, 20.348, 11630, 1, , 
414, 413.0, 1.523, 78.313, 20.163, 12390, 1, , 
415, 414.0, 2.114, 77.930, 19.955, 10712, 1, , 
416, 415.0, 1.299, 78.825, 19.876, 15104, 1, , 
417, 416.0, 2.341, 77.315, 20.344, 9273, 1, , 
418, 417.0, 1.470, 78.328, 20.202, 10145, 1, , 
419, 418.0, 1.445, 78.880, 19.675, 5094, 1, , 
420, 419.0, 1.872, 78.656, 19.472, 5553, 1, , 
421, 420.0, 1.445, 78.984, 19.571, 56, 1, , 
422, 421.0, 1.329, 78.219, 20.452, 6501, 1, , 
423, 422.0, 1.983, 78.803, 19.214, 5097, 1, , 
424, 423.0, 1.033, 78.439, 20.528, 14978, 1, , 
425, 424.0, 2.501, 78.246, 19.253, 12795, 1, , 
426, 425.0, 1.728, 78.412, 19.860, 17669, 1, , 
427, 426.0, 2.209, 78.164, 19.627, 8733, 1, , 
428, 427.0, 1.403, 78.232, 20.365, 13450, 1, , 
429, 428.0, 1.262, 80.687, 18.051, 9636, 1, , 
430, 429.0, 2.127, 78.387, 19.486, 6996, 1, , 
431, 430.0, 2.169, 78.440, 19.392, 12697, 1, , 
432, 431.0, 1.773, 79.236, 18.991, 5285, 1, , 
433, 432.0, 1.089, 80.456, 18.455, 1043, 1, , 
434, 433.0, 1.960, 79.234, 18.806, 11611, 1, , 
435, 434.0, 1.733, 77.963, 20.304, 11170, 1, , 
436, 435.0, 1.658, 78.885, 19.457, 5807, 1, , 
437, 436.0, 2.030, 78.693, 19.277, 4289, 1, , 
438, 437.0, 1.812, 80.295, 17.893, 12904, 1, , 
439, 438.0, 0.670, 80.063, 19.267, 7452, 1, , 
440, 439.0, 2.172, 79.589, 18.239, 8713, 1, , 
441, 440.0, 1.955, 79.207, 18.838, 12417, 1, , 
442, 441.0, 1.556, 80.424, 18.020, 9401, 1, , 
443, 442.0, 1.518, 80.288, 18.194, 4178, 1, , 
444, 443.0, 1.140, 80.263, 18.597, 6385, 1, , 
445, 444.0, 2.289, 78.837, 18.874, 19, 1, , 
446, 445.0, 1.890, 79.263, 18.846, 5491, 1, , 
447, 446.0, 2.152, 78.373, 19.475, 5945, 1, , 
448, 447.0, 1.490, 79.883, 18.626, 4729, 1, , 
449, 448.0, 2.296, 79.868, 17.835, 18271, 1, , 
450, 449.0, 1.341, 78.418, 20.241, 5182, 1, , 
451, 450.0, 1.569, 80.466, 17.965, 1378, 1, , 
452, 451.0, 1.577, 78.738, 19.685, 367, 1, , 
453, 452.0, 1.036, 79.510, 19.454, 15493, 1, , 
454, 453.0, 1.508, 79.713, 18.779, 14238, 1, , 
455, 454.0, 1.566, 79.259, 19.176, 10964, 1, , 
456, 455.0, 2.415, 77.413, 20.172, 5431, 1, , 
457, 456.0, 1.724, 79.398, 18.878, 4718, 1, , 
458, 457.0, 1.192, 78.417, 20.390, 5358, 1, , 
459, 458.0, 2.227, 78.089, 19.685, 6391, 1, , 
460, 459.0, 1.969, 79.472, 18.558, 6396, 1, , 
461, 460.0, 1.313, 79.588, 19.099, 11835, 1, , 
462, 461.0, 1.873, 78.037, 20.090, 12549, 1, , 
463, 462.0, 1.453, 78.533, 20.014, 11610, 1, , 
464, 463.0, 2.007, 77.994, 19.999, 7278, 1, , 
465, 464.0, 2.590, 77.417, 19.993, 0, 1, , 
466, 465.0, 1.574, 80.159, 18.267, 13072, 1, , 
467, 466.0, 1.801, 80.275, 17.924, 24, 1, , 
468, 467.0, 2.153, 78.868, 18.978, 592, 1, , 
469, 468.0, 2.145, 78.138, 19.717, 11662, 1, , 
470, 469.0, 2.182, 78.956, 18.862, 6295, 1, , 
471, 470.0, 1.962, 79.415, 18.622, 12, 1, , 
472, 471.0, 1.498, 78.417, 20.085, 5221, 1, , 
473, 472.0, 2.215, 78.716, 19.069, 4626, 1, , 
474, 473.0, 2.071, 77.483, 20.447, 7168, 1, , 
475, 474.0, 2.234, 77.799, 19.967, 11178, 1, , 
476, 475.0, 2.049, 76.952, 20.999, 12978, 1, , 
477, 476.0, 1.462, 76.668, 21.870, 5398, 1, , 
478, 477.0, 1.833, 77.329, 20.838, 3672, 1, , 
479, 478.0, 2.246, 75.446, 22.308, 14717, 1, , 
480, 479.0, 1.906, 75.718, 22.376, 6396, 1, , 
481, 480.0, 2.276, 74.855, 22.870, 13850, 1, , 
482, 481.0, 2.584, 74.349, 23.067, 12174, 1, , 
483, 482.0, 2.186, 75.062, 22.753, 11541, 1, , 
484, 483.0, 1.467, 74.033, 24.499, 13150, 1, , 
485, 484.0, 1.440, 75.274, 23.286, 11206, 1, , 
486, 485.0, 1.663, 74.625, 23.712, 10325, 1, , 
487, 486.0, 1.325, 73.363, 25.311, 14104, 1, , 
488, 487.0, 1.589, 73.646, 24.765, 13807, 1, , 
489, 488.0, 1.899, 73.703, 24.398, 17380, 1, , 
490, 489.0, 1.934, 71.449, 26.616, 17652, 1, , 
491, 490.0, 1.614, 73.033, 25.353, 15333, 1, , 
492, 491.0, 2.228, 73.155, 24.617, 16809, 1, , 
493, 492.0, 2.405, 71.868, 25.726, 11408, 1, , 
494, 493.0, 2.185, 75.395, 22.421, 4775, 1, , 
495, 494.0, 7.377, 69.946, 22.677, 22977, 1, , 
496, 495.0, 14.561, 60.775, 24.664, 0, 1, , 
497, 496.0, 6.250, 70.968, 22.782, 38739, 1, , 
498, 497.0, 3.705, 74.278, 22.017, 0, 1, , 
499, 498.0, 1.920, 75.007, 23.073, 210, 1, , 
500, 499.0, 2.009, 71.819, 26.171, 16486, 1, , 
501, 500.0, 3.060, 70.563, 26.376, 8651, 1, , 
502, 501.0, 1.404, 70.287, 28.309, 16269, 1, , 
503, 502.0, 2.192, 70.180, 27.628, 20464, 1, , 
504, 503.0, 1.499, 70.559, 27.942, 14933, 1, , 
505, 504.0, 2.603, 69.110, 28.287, 16643, 1, , 
506, 505.0, 1.507, 69.416, 29.077, 14430, 1, , 
507, 506.0, 2.461, 68.682, 28.857, 4775, 1, , 
508, 507.0, 1.203, 66.586, 32.211, 16873, 1, , 
509, 508.0, 1.726, 69.991, 28.284, 17719, 1, , 
510, 509.0, 1.897, 69.221, 28.882, 13484, 1, , 
511, 510.0, 2.789, 68.423, 28.788, 12907, 1, , 
512, 511.0, 1.987, 72.122, 25.891, 2685, 1, , 
513, 512.0, 3.719, 67.785, 28.496, 0, 1, , 
514, 513.0, 2.245, 67.649, 30.107, 2904, 1, , 
515, 514.0, 1.900, 68.679, 29.421, 12012, 1, , 
516, 515.0, 2.033, 69.111, 28.856, 19945, 1, , 
517, 516.0, 1.772, 68.227, 30.001, 15327, 1, , 
518, 517.0, 1.937, 68.888, 29.175, 16298, 1, , 
519, 518.0, 2.746, 68.954, 28.300, 24440, 1, , 
520, 519.0, 2.399, 69.435, 28.166, 10074, 1, , 
521, 520.0, 1.826, 70.686, 27.488, 13538, 1, , 
522, 521.0, 1.728, 71.054, 27.218, 4369, 1, , 
523, 522.0, 1.923, 70.974, 27.104, 13630, 1, , 
524, 523.0, 1.694, 70.727, 27.580, 17403, 1, , 
525, 524.0, 1.404, 72.100, 26.495, 15538, 1, , 
526, 525.0, 1.974, 72.367, 25.659, 13199, 1, , 
527, 526.0, 1.775, 71.864, 26.361, 9402, 1, , 
528, 527.0, 1.549, 72.115, 26.336, 6416, 1, , 
529, 528.0, 1.863, 72.605, 25.532, 20483, 1, , 
530, 529.0, 1.381, 72.798, 25.820, 10615, 1, , 
531, 530.0, 2.459, 73.157, 24.384, 10359, 1, , 
532, 531.0, 3.010, 74.312, 22.678, 16147, 1, , 
533, 532.0, 1.541, 73.617, 24.841, 14357, 1, , 
534, 533.0, 1.777, 74.314, 23.909, 14901, 1, , 
535, 534.0, 1.783, 74.393, 23.824, 5994, 1, , 
536, 535.0, 1.826, 73.759, 24.415, 7035, 1, , 
537, 536.0, 1.584, 75.576, 22.840, 17045, 1, , 
538, 537.0, 1.755, 75.827, 22.418, 10023, 1, , 
539, 538.0, 1.752, 75.501, 22.746, 14998, 1, , 
540, 539.0, 1.409, 75.413, 23.178, 10445, 1, , 
541, 540.0, 1.851, 75.526, 22.623, 4710, 1, , 
542, 541.0, 1.364, 75.630, 23.006, 9622, 1, , 
543, 542.0, 1.610, 75.903, 22.488, 7046, 1, , 
544, 543.0, 1.512, 76.534, 21.954, 5094, 1, , 
545, 544.0, 1.011, 76.200, 22.789, 7975, 1, , 
546, 545.0, 1.133, 76.143, 22.724, 3152, 1, , 
547, 546.0, 1.091, 76.721, 22.187, 15350, 1, , 
548, 547.0, 1.049, 78.438, 20.513, 9498, 1, , 
549, 548.0, 2.202, 77.187, 20.611, 4001, 1, , 
550, 549.0, 1.933, 77.510, 20.557, 17414, 1, , 
551, 550.0, 1.843, 76.899, 21.258, 5168, 1, , 
552, 551.0, 1.103, 77.737, 21.160, 1869, 1, , 
553, 552.0, 0.924, 78.008, 21.068, 9889, 1, , 
554, 553.0, 1.885, 77.328, 20.787, 10774, 1, , 
555, 554.0, 1.465, 77.222, 21.313, 3058, 1, , 
556, 555.0, 2.037, 76.910, 21.053, 11833, 1, , 
557, 556.0, 1.810, 77.471, 20.719, 9357, 1, , 
558, 557.0, 0.844, 78.336, 20.820, 15133, 1, , 
559, 558.0, 2.049, 77.278, 20.673, 3252, 1, , 
560, 559.0, 1.949, 79.581, 18.470, 6318, 1, , 
561, 560.0, 1.423, 79.378, 19.199, 4205, 1, , 
562, 561.0, 1.971, 77.651, 20.378, 10515, 1, , 
563, 562.0, 1.484, 79.805, 18.711, 5971, 1, , 
564, 563.0, 1.416, 79.441, 19.143, 4568, 1, , 
565, 564.0, 1.705, 78.183, 20.112, 7435, 1, , 
566, 565.0, 1.186, 78.472, 20.342, 5598, 1, , 
567, 566.0, 1.665, 78.775, 19.561, 11893, 1, , 
568, 567.0, 2.028, 78.866, 19.106, 4605, 1, , 
569, 568.0, 1.802, 78.663, 19.536, 7534, 1, , 
570, 569.0, 1.367, 77.719, 20.914, 7832, 1, , 
571, 570.0, 1.766, 78.716, 19.519, 4794, 1, , 
572, 571.0, 2.098, 79.016, 18.886, 8292, 1, , 
573, 572.0, 2.567, 77.899, 19.534, 7059, 1, , 
574, 573.0, 1.315, 79.681, 19.004, 10010, 1, , 
575, 574.0, 1.850, 78.565, 19.585, 9686, 1, , 
576, 575.0, 1.311, 78.700, 19.989, 13601, 1, , 
577, 576.0, 1.888, 78.155, 19.957, 10348, 1, , 
578, 577.0, 1.760, 78.853, 19.388, 8845, 1, , 
579, 578.0, 1.439, 78.360, 20.201, 13309, 1, , 
580, 579.0, 1.367, 78.445, 20.188, 6134, 1, , 
581, 580.0, 2.129, 77.988, 19.883, 5291, 1, , 
582, 581.0, 1.671, 78.371, 19.958, 10316, 1, , 
583, 582.0, 2.080, 79.141, 18.780, 9684, 1, , 
584, 583.0, 1.634, 78.051, 20.316, 7702, 1, , 
585, 584.0, 2.358, 78.680, 18.962, 13681, 1, , 
586, 585.0, 1.340, 78.232, 20.428, 4978, 1, , 
587, 586.0, 1.577, 78.757, 19.666, 11756, 1, , 
588, 587.0, 1.275, 79.504, 19.221, 6909, 1, , 
589, 588.0, 1.609, 79.766, 18.624, 4992, 1, , 
590, 589.0, 1.410, 78.340, 20.250, 11898, 1, , 
591, 590.0, 1.876, 79.533, 18.591, 15171, 1, , 
592, 591.0, 1.795, 79.034, 19.171, 9027, 1, , 
593, 592.0, 2.144, 79.085, 18.771, 5978, 1, , 
594, 593.0, 1.842, 78.705, 19.453, 13116, 1, , 
595, 594.0, 1.284, 78.767, 19.948, 15173, 1, , 
596, 595.0, 2.146, 86.505, 11.350, 12003, 1, , 
597, 596.0, 1.948, 77.738, 20.314, 4142, 1, , 
598, 597.0, 1.739, 78.890, 19.371, 7821, 1, , 
599, 598.0, 2.053, 79.157, 18.790, 5688, 1, , 
600, 599.0, 1.705, 80.413, 17.882, 11076, 1, , 
601, 600.0, 1.667, 78.903, 19.430, 16170, 1, , 
602, 601.0, 1.699, 78.784, 19.517, 3702, 1, , 
603, 602.0, 1.597, 79.023, 19.380, 7181, 1, , 
604, 603.0, 1.845, 78.944, 19.210, 7595, 1, , 
605, 604.0, 1.810, 79.455, 18.735, 9968, 1, , 
606, 605.0, 1.322, 87.996, 10.682, 15854, 1, , 
607, 606.0, 2.036, 79.457, 18.507, 7953, 1, , 
608, 607.0, 2.024, 80.582, 17.394, 11351, 1, , 
609, 608.0, 1.670, 79.134, 19.196, 6132, 1, , 
610, 609.0, 1.897, 79.782, 18.320, 732, 1, , 
611, 610.0, 1.952, 79.472, 18.576, 9528, 1, , 
612, 611.0, 1.344, 80.467, 18.189, 2575, 1, , 
613, 612.0, 2.411, 80.369, 17.221, 9580, 1, , 
614, 613.0, 2.005, 80.206, 17.789, 2481, 1, , 
615, 614.0, 1.409, 79.559, 19.032, 11516, 1, , 
616, 615.0, 1.556, 80.138, 18.306, 1060, 1, , 
617, 616.0, 1.976, 88.094, 9.929, 5303, 1, , 
618, 617.0, 1.564, 79.518, 18.918, 11352, 1, , 
619, 618.0, 1.566, 80.486, 17.947, 10260, 1, , 
620, 619.0, 2.030, 79.507, 18.463, 13825, 1, , 
621, 620.0, 2.013, 79.275, 18.712, 6406, 1, , 
622, 621.0, 2.139, 79.780, 18.081, 4462, 1, , 
623, 622.0, 1.623, 79.394, 18.984, 11224, 1, , 
624, 623.0, 1.325, 79.427, 19.248, 2603, 1, , 
625, 624.0, 1.788, 78.772, 19.439, 11554, 1, , 
626, 625.0, 1.429, 88.541, 10.031, 3611, 1, , 
627, 626.0, 1.305, 81.175, 17.519, 7923, 1, , 
628, 627.0, 1.898, 81.285, 16.817, 9495, 1, , 
629, 628.0, 1.809, 79.080, 19.110, 7519, 1, , 
630, 629.0, 1.611, 79.021, 19.368, 6392, 1, , 
631, 630.0, 2.245, 79.762, 17.993, 8922, 1, , 
632, 631.0, 2.862, 79.154, 17.984, 9165, 1, , 
633, 632.0, 2.147, 78.664, 19.189, 2131, 1, , 
634, 633.0, 1.860, 80.609, 17.531, 8637, 1, , 
635, 634.0, 2.026, 79.670, 18.303, 16212, 1, , 
636, 635.0, 2.044, 80.149, 17.807, 9200, 1, , 
637, 636.0, 1.330, 81.044, 17.626, 8219, 1, , 
638, 637.0, 0.793, 79.684, 19.523, 10045, 1, , 
639, 638.0, 1.028, 79.918, 19.053, 7402, 1, , 
640, 639.0, 1.489, 79.271, 19.240, 13203, 1, , 
641, 640.0, 0.673, 80.557, 18.771, 5565, 1, , 
642, 641.0, 1.130, 79.685, 19.184, 8107, 1, , 
643, 642.0, 1.837, 79.487, 18.676, 8381, 1, , 
644, 643.0, 1.260, 81.012, 17.727, 6393, 1, , 
645, 644.0, 1.624, 78.885, 19.491, 7609, 1, , 
646, 645.0, 1.686, 79.030, 19.285, 6995, 1, , 
647, 646.0, 1.839, 78.492, 19.670, 19280, 1, , 
648, 647.0, 2.013, 77.948, 20.039, 16653, 1, , 
649, 648.0, 1.632, 77.875, 20.492, 11861, 1, , 
650, 649.0, 1.433, 79.897, 18.670, 3510, 1, , 
651, 650.0, 1.645, 76.992, 21.363, 15380, 1, , 
652, 651.0, 2.243, 76.648, 21.109, 8354, 1, , 
653, 652.0, 1.177, 78.212, 20.611, 12825, 1, , 
654, 653.0, 1.732, 76.835, 21.432, 9407, 1, , 
655, 654.0, 1.143, 78.016, 20.841, 8674, 1, , 
656, 655.0, 1.340, 76.101, 22.560, 4718, 1, , 
657, 656.0, 1.184, 77.296, 21.521, 6864, 1, , 
658, 657.0, 1.568, 76.142, 22.290, 17132, 1, , 
659, 658.0, 1.672, 75.332, 22.996, 13157, 1, , 
660, 659.0, 2.139, 77.336, 20.525, 15796, 1, , 
661, 660.0, 2.090, 75.510, 22.400, 14998, 1, , 
662, 661.0, 2.271, 75.290, 22.440, 12158, 1, , 
663, 662.0, 1.769, 74.998, 23.233, 8084, 1, , 
664, 663.0, 1.362, 75.285, 23.353, 16786, 1, , 
665, 664.0, 2.011, 73.889, 24.100, 9808, 1, , 
666, 665.0, 1.663, 74.435, 23.902, 4494, 1, , 
667, 666.0, 2.579, 73.608, 23.813, 14220, 1, , 
668, 667.0, 2.095, 72.513, 25.393, 14977, 1, , 
669, 668.0, 2.029, 72.917, 25.054, 12029, 1, , 
670, 669.0, 1.817, 74.276, 23.907, 12559, 1, , 
671, 670.0, 1.234, 74.305, 24.461, 17465, 1, , 
672, 671.0, 1.781, 73.933, 24.286, 13645, 1, , 
673, 672.0, 2.048, 72.788, 25.164, 7454, 1, , 
674, 673.0, 2.366, 73.131, 24.503, 11384, 1, , 
675, 674.0, 1.765, 73.705, 24.531, 14500, 1, , 
676, 675.0, 1.936, 72.687, 25.377, 13880, 1, , 
677, 676.0, 1.540, 72.320, 26.140, 13419, 1, , 
678, 677.0, 1.576, 71.861, 26.563, 12116, 1, , 
679, 678.0, 2.077, 74.078, 23.845, 13363, 1, , 
680, 679.0, 1.697, 72.898, 25.405, 12805, 1, , 
681, 680.0, 2.135, 71.978, 25.887, 11932, 1, , 
682, 681.0, 1.621, 73.313, 25.065, 24519, 1, , 
683, 682.0, 1.936, 73.184, 24.880, 18166, 1, , 
684, 683.0, 0.938, 74.391, 24.671, 15824, 1, , 
685, 684.0, 1.899, 73.207, 24.894, 12180, 1, , 
686, 685.0, 1.327, 74.819, 23.854, 12874, 1, , 
687, 686.0, 1.292, 74.420, 24.288, 11625, 1, , 
688, 687.0, 2.103, 73.497, 24.400, 12066, 1, , 
689, 688.0, 1.980, 73.097, 24.923, 14528, 1, , 
690, 689.0, 1.384, 74.451, 24.166, 16306, 1, , 
691, 690.0, 2.450, 74.689, 22.861, 13809, 1, , 
692, 691.0, 2.145, 73.787, 24.067, 19225, 1, , 
693, 692.0, 2.170, 74.064, 23.766, 13585, 1, , 
694, 693.0, 1.970, 75.236, 22.794, 13476, 1, , 
695, 694.0, 1.327, 74.735, 23.938, 16212, 1, , 
696, 695.0, 1.886, 74.473, 23.642, 8077, 1, , 
697, 696.0, 1.929, 75.006, 23.065, 9027, 1, , 
698, 697.0, 1.708, 73.685, 24.607, 7602, 1, , 
699, 698.0, 1.749, 73.980, 24.271, 14521, 1, , 
700, 699.0, 1.993, 76.175, 21.831, 7875, 1, , 
701, 700.0, 1.848, 74.540, 23.612, 17155, 1, , 
702, 701.0, 1.739, 75.358, 22.903, 20400, 1, , 
703, 702.0, 2.151, 75.730, 22.119, 13290, 1, , 
704, 703.0, 1.546, 76.010, 22.443, 19266, 1, , 
705, 704.0, 1.655, 75.832, 22.513, 16784, 1, , 
706, 705.0, 1.839, 75.161, 23.000, 11078, 1, , 
707, 706.0, 1.452, 76.637, 21.911, 16594, 1, , 
708, 707.0, 1.172, 75.968, 22.860, 10613, 1, , 
709, 708.0, 1.607, 76.476, 21.917, 11106, 1, , 
710, 709.0, 1.944, 75.862, 22.194, 8634, 1, , 
711, 710.0, 1.099, 76.240, 22.661, 13487, 1, , 
712, 711.0, 2.021, 76.993, 20.986, 17971, 1, , 
713, 712.0, 1.837, 75.983, 22.180, 8743, 1, , 
714, 713.0, 1.375, 76.048, 22.577, 12245, 1, , 
715, 714.0, 2.204, 76.010, 21.786, 14385, 1, , 
716, 715.0, 1.137, 77.196, 21.667, 5579, 1, , 
717, 716.0, 2.047, 76.484, 21.469, 17776, 1, , 
718, 717.0, 1.150, 77.649, 21.201, 9292, 1, , 
719, 718.0, 1.931, 77.771, 20.298, 4313, 1, , 
720, 719.0, 1.510, 77.093, 21.397, 8162, 1, , 
721, 720.0, 1.295, 77.098, 21.608, 12435, 1, , 
722, 721.0, 2.264, 76.200, 21.537, 21811, 1, , 
723, 722.0, 2.065, 76.794, 21.141, 13583, 1, , 
724, 723.0, 1.858, 75.971, 22.170, 17705, 1, , 
725, 724.0, 1.577, 76.197, 22.226, 11511, 1, , 
726, 725.0, 2.274, 76.909, 20.817, 1737, 1, , 
727, 726.0, 1.807, 78.628, 19.565, 11825, 1, , 
728, 727.0, 1.454, 77.757, 20.789, 12987, 1, , 
729, 728.0, 1.790, 78.357, 19.852, 13006, 1, , 
730, 729.0, 2.654, 77.103, 20.242, 18199, 1, , 
731, 730.0, 1.995, 77.442, 20.563, 7133, 1, , 
732, 731.0, 1.275, 78.132, 20.592, 10837, 1, , 
733, 732.0, 2.025, 78.132, 19.844, 15096, 1, , 
734, 733.0, 1.542, 76.535, 21.923, 13904, 1, , 
735, 734.0, 3.008, 75.859, 21.133, 6476, 1, , 
736, 735.0, 2.623, 77.384, 19.993, 16801, 1, , 
737, 736.0, 1.715, 77.742, 20.542, 12779, 1, , 
738, 737.0, 2.252, 76.869, 20.878, 9013, 1, , 
739, 738.0, 2.322, 75.994, 21.685, 14826, 1, , 
740, 739.0, 1.856, 76.687, 21.458, 12208, 1, , 
741, 740.0, 1.192, 77.026, 21.783, 9932, 1, , 
742, 741.0, 2.486, 76.310, 21.203, 4702, 1, , 
743, 742.0, 1.832, 76.513, 21.654, 18560, 1, , 
744, 743.0, 2.030, 76.102, 21.868, 6724, 1, , 
